{
  "aggregates": {
    "decisions": 6,
    "settled": 6,
    "wins": 4,
    "stakedUsdc": 250,
    "pnlUsdc": 171.79,
    "openPositions": 0
  },
  "decisions": [
    {
      "hash": "987cf6909e044e06aec3b6a040f71897e33059bcd54afe1c4245372f4c3c1cba",
      "decidedAtTs": 1784362753774,
      "mode": "paper",
      "strategy": "S1_COHERENCE",
      "fixtureId": 90000001,
      "marketKey": "Total Goals|FT|2.5",
      "family": "TOTAL_GOALS",
      "line": 2.5,
      "outcomeIndex": 1,
      "outcomeName": "under",
      "modelProb": 0.6264,
      "marketProb": 0.5501,
      "edge": 0.0764,
      "stakeUsdc": 28.29,
      "priceDecimal": 1.8179,
      "reason": "Cross-market fit (λh=1.62, λa=1.27) prices UNDER at 62.6%; this quote implies 55.0%. Incoherent leg, edge +7.6% ≥ 6.5%.",
      "sizing": {
        "kellyFraction": 0.0141,
        "calibrationFactor": 1,
        "allocationWeight": 0.3333,
        "bankrollUsdc": 2000
      },
      "inputs": {
        "scoreSeq": 3,
        "scoreTs": 1784362751774,
        "oddsMessageId": "m-1784362753774-Total Goals",
        "oddsTs": 1784362753774,
        "lambdaHome": 1.6244580923099723,
        "lambdaAway": 1.2668370587969853
      }
    },
    {
      "hash": "a26adcc1909f4e7f9549fdc753510f505579a0fda006948c7aa8df389ea86de0",
      "decidedAtTs": 1784362753774,
      "mode": "paper",
      "strategy": "S1_COHERENCE",
      "fixtureId": 90000001,
      "marketKey": "Total Goals|FT|3.5",
      "family": "TOTAL_GOALS",
      "line": 3.5,
      "outcomeIndex": 1,
      "outcomeName": "under",
      "modelProb": 0.8569,
      "marketProb": 0.7891,
      "edge": 0.0677,
      "stakeUsdc": 32.89,
      "priceDecimal": 1.2672,
      "reason": "Cross-market fit (λh=1.62, λa=1.27) prices UNDER at 85.7%; this quote implies 78.9%. Incoherent leg, edge +6.8% ≥ 6.5%.",
      "sizing": {
        "kellyFraction": 0.0268,
        "calibrationFactor": 1,
        "allocationWeight": 0.3333,
        "bankrollUsdc": 2000
      },
      "inputs": {
        "scoreSeq": 3,
        "scoreTs": 1784362751774,
        "oddsMessageId": "m-1784362753774-Total Goals",
        "oddsTs": 1784362753774,
        "lambdaHome": 1.6244580923099723,
        "lambdaAway": 1.2668370587969853
      }
    },
    {
      "hash": "37fb98e343a71c65ec8f84f654e3f5b79f29bc292ff2e439faeea41e734afa9a",
      "decidedAtTs": 1784360651774,
      "mode": "paper",
      "strategy": "S2_REACTION",
      "fixtureId": 90000001,
      "marketKey": "1X2|FT|",
      "family": "WIN_DRAW_WIN",
      "outcomeIndex": 2,
      "outcomeName": "2",
      "modelProb": 0.559,
      "marketProb": 0.2634,
      "edge": 0.2956,
      "stakeUsdc": 50,
      "priceDecimal": 3.7961,
      "reason": "Goal at seq 2 repriced this match; quote is 298s older than the event. Model now 55.9% for 2, stale quote implies 26.3%, edge +29.6%.",
      "sizing": {
        "kellyFraction": 0.0334,
        "calibrationFactor": 1,
        "allocationWeight": 0.3333,
        "bankrollUsdc": 2000
      },
      "inputs": {
        "scoreSeq": 2,
        "scoreTs": 1784360651774,
        "oddsMessageId": "m-1784360353774-1X2",
        "oddsTs": 1784360353774,
        "lambdaHome": 1.6244580923099723,
        "lambdaAway": 1.2668370587969853
      }
    },
    {
      "hash": "b64f68a008b64897c1d53e4795762f474cb89f6bac84fc75441cefcf9d9af2d1",
      "decidedAtTs": 1784360651774,
      "mode": "paper",
      "strategy": "S2_REACTION",
      "fixtureId": 90000001,
      "marketKey": "Total Goals|FT|2.5",
      "family": "TOTAL_GOALS",
      "line": 2.5,
      "outcomeIndex": 0,
      "outcomeName": "over",
      "modelProb": 0.7153,
      "marketProb": 0.533,
      "edge": 0.1824,
      "stakeUsdc": 50,
      "priceDecimal": 1.8763,
      "reason": "Goal at seq 2 repriced this match; quote is 298s older than the event. Model now 71.5% for OVER, stale quote implies 53.3%, edge +18.2%.",
      "sizing": {
        "kellyFraction": 0.0325,
        "calibrationFactor": 1,
        "allocationWeight": 0.3333,
        "bankrollUsdc": 2000
      },
      "inputs": {
        "scoreSeq": 2,
        "scoreTs": 1784360651774,
        "oddsMessageId": "m-1784360353774-Total Goals",
        "oddsTs": 1784360353774,
        "lambdaHome": 1.6244580923099723,
        "lambdaAway": 1.2668370587969853
      }
    },
    {
      "hash": "d9ec198434cef995300c36fb702677abd756f4ce725a6d6532edf96bfee0df4e",
      "decidedAtTs": 1784360651774,
      "mode": "paper",
      "strategy": "S2_REACTION",
      "fixtureId": 90000001,
      "marketKey": "Total Goals|FT|3.5",
      "family": "TOTAL_GOALS",
      "line": 3.5,
      "outcomeIndex": 0,
      "outcomeName": "over",
      "modelProb": 0.4595,
      "marketProb": 0.2954,
      "edge": 0.1641,
      "stakeUsdc": 38.82,
      "priceDecimal": 3.3855,
      "reason": "Goal at seq 2 repriced this match; quote is 298s older than the event. Model now 45.9% for OVER, stale quote implies 29.5%, edge +16.4%.",
      "sizing": {
        "kellyFraction": 0.0194,
        "calibrationFactor": 1,
        "allocationWeight": 0.3333,
        "bankrollUsdc": 2000
      },
      "inputs": {
        "scoreSeq": 2,
        "scoreTs": 1784360651774,
        "oddsMessageId": "m-1784360353774-Total Goals",
        "oddsTs": 1784360353774,
        "lambdaHome": 1.6244580923099723,
        "lambdaAway": 1.2668370587969853
      }
    },
    {
      "hash": "f75a16606808e8e158052af6d6d45bc6936e2eecf8ac8cab400f3b02f4e4ab79",
      "decidedAtTs": 1784360651774,
      "mode": "paper",
      "strategy": "S2_REACTION",
      "fixtureId": 90000001,
      "marketKey": "Both Teams To Score|FT|",
      "family": "BOTH_TEAMS_SCORE",
      "outcomeIndex": 0,
      "outcomeName": "yes",
      "modelProb": 0.7563,
      "marketProb": 0.5182,
      "edge": 0.2381,
      "stakeUsdc": 50,
      "priceDecimal": 1.9296,
      "reason": "Goal at seq 2 repriced this match; quote is 298s older than the event. Model now 75.6% for YES, stale quote implies 51.8%, edge +23.8%.",
      "sizing": {
        "kellyFraction": 0.0412,
        "calibrationFactor": 1,
        "allocationWeight": 0.3333,
        "bankrollUsdc": 2000
      },
      "inputs": {
        "scoreSeq": 2,
        "scoreTs": 1784360651774,
        "oddsMessageId": "m-1784360353774-Both Teams To Score",
        "oddsTs": 1784360353774,
        "lambdaHome": 1.6244580923099723,
        "lambdaAway": 1.2668370587969853
      }
    }
  ],
  "settlements": [
    {
      "decisionHash": "37fb98e343a71c65ec8f84f654e3f5b79f29bc292ff2e439faeea41e734afa9a",
      "settledAtTs": 1784365631774,
      "fixtureId": 90000001,
      "won": true,
      "pnlUsdc": 139.81,
      "finalP1Goals": 1,
      "finalP2Goals": 2
    },
    {
      "decisionHash": "b64f68a008b64897c1d53e4795762f474cb89f6bac84fc75441cefcf9d9af2d1",
      "settledAtTs": 1784365631774,
      "fixtureId": 90000001,
      "won": true,
      "pnlUsdc": 43.82,
      "finalP1Goals": 1,
      "finalP2Goals": 2
    },
    {
      "decisionHash": "d9ec198434cef995300c36fb702677abd756f4ce725a6d6532edf96bfee0df4e",
      "settledAtTs": 1784365631774,
      "fixtureId": 90000001,
      "won": false,
      "pnlUsdc": -38.82,
      "finalP1Goals": 1,
      "finalP2Goals": 2
    },
    {
      "decisionHash": "f75a16606808e8e158052af6d6d45bc6936e2eecf8ac8cab400f3b02f4e4ab79",
      "settledAtTs": 1784365631774,
      "fixtureId": 90000001,
      "won": true,
      "pnlUsdc": 46.48,
      "finalP1Goals": 1,
      "finalP2Goals": 2
    },
    {
      "decisionHash": "987cf6909e044e06aec3b6a040f71897e33059bcd54afe1c4245372f4c3c1cba",
      "settledAtTs": 1784365631774,
      "fixtureId": 90000001,
      "won": false,
      "pnlUsdc": -28.29,
      "finalP1Goals": 1,
      "finalP2Goals": 2
    },
    {
      "decisionHash": "a26adcc1909f4e7f9549fdc753510f505579a0fda006948c7aa8df389ea86de0",
      "settledAtTs": 1784365631774,
      "fixtureId": 90000001,
      "won": true,
      "pnlUsdc": 8.79,